id,title,authors,year,venue,type,category,author_role,awarded,doi,url,theme_ids,primary_theme,project_ids,software_ids,note
2023-international-journal-linear-regression-based-indoor-daylight-illum,Linear regression based indoor daylight illuminance estimation with simple measurements based on daylight coefficient method,"Jo, H. G.; Choi, S. H.; Park, C. S.",2023,"Journal of Building Performance Simulation 16(5), pp. 574-587.",journal-article,international-journal,first,false,10.1080/19401493.2023.2185684,https://www.tandfonline.com/doi/full/10.1080/19401493.2023.2185684,daylighting,daylighting,light-hvac-optimization-2020,,
2026-international-journal-implications-of-geometry-simplification-in-dy,Implications of geometry simplification in dynamic building energy modeling: Comparative analysis of detailed and simplified geometries,"Park, C. H.; Lee, S. J.; Jo, H. G.; Park, C. S.",2026,"Energy and Buildings, 117839.",journal-article,international-journal,coauthor,false,,https://www.sciencedirect.com/science/article/pii/S0378778826008996?via%3Dihub,building-energy-simulation;performance-evaluation,building-energy-simulation,existing-building-simulator-2024,eplussimple;semantic-idf,
2025-international-journal-causality-driven-interpretable-surrogate-mode,"Causality-driven, interpretable surrogate modeling for DOAS preheating control","Mun, J.; Jo, H. G.; Kim, J. H.; Urabe, E.; Mun, J.; Park, Y.; Park, C. S.",2025,"Energy and Buildings, 116625.",journal-article,international-journal,coauthor,false,,https://www.sciencedirect.com/science/article/pii/S0378778825013556?dgcid=raven_sd_aip_email,hvac-control;uncertainty-ml,hvac-control,fab-ut-optimization-2022,hvac-studio,
2025-international-journal-domain-invariant-representation-learning-for,Domain-invariant representation learning for generalizable chiller model: a real-world case study,"Kim, J. H.; Kim, Y. S.; Jo, H. G.; Mun, J.; Park, C. S.",2025,"Energy and Buildings, 116168.",journal-article,international-journal,coauthor,false,,https://www.sciencedirect.com/science/article/pii/S0378778825008989?dgcid=coauthor,hvac-control;uncertainty-ml,hvac-control,fab-ut-optimization-2022,hvac-studio,
2025-international-journal-real-time-model-predictive-control-of-energy,Real-time model predictive control of energy recovery ventilators for a school building,"Ra, S. J.; Jo, H. G.; Park, C. S.",2025,"Science and Technology for the Built Environment, Vol. 31, No. 9, pp. 1155-1166.",journal-article,international-journal,coauthor,false,10.1080/23744731.2025.2539048,https://www.tandfonline.com/doi/full/10.1080/23744731.2025.2539048,hvac-control,hvac-control,fab-ut-optimization-2022,hvac-studio,
2025-international-journal-accuracy-generalizability-and-extrapolation-a,"Accuracy, generalizability, and extrapolation ability of physics-based, data-driven, and hybrid models for real-life cooling towers","Kim, J. H.; Kim, Y. S.; Jo, H. G.; Urabe, E.; Mun, J.; Shin, Y.; Park, Y.; Park, C. S.",2025,"Building and Environment, 112756.",journal-article,international-journal,coauthor,false,,https://www.sciencedirect.com/science/article/abs/pii/S0360132325002380,hvac-control;uncertainty-ml;performance-evaluation,hvac-control,fab-ut-optimization-2022,,
2025-international-journal-toward-scalable-prediction-of-indoor-thermal,Toward scalable prediction of indoor thermal dynamics: Neural-network-implemented state-space (NNiSS) model,"Mun, J.; Jo, H. G.; Park, C. S.",2025,"Energy and Buildings 331, 115359.",journal-article,international-journal,coauthor,false,,https://www.sciencedirect.com/science/article/abs/pii/S0378778825000891,uncertainty-ml,uncertainty-ml,,,
2021-domestic-journal-stochastic-daylight-model-and-its-application,Stochastic Daylight Model and Its Application to Model Predictive Control in Large-Space Buildings,"Jo, H. G.; Kim, Y. S.; Park, C. S.",2021,"Journal of the Architectural Institute of Korea, Vol. 37, No. 12, pp. 255-264.",journal-article,domestic-journal,first,false,,https://www.dbpia.co.kr/journal/articleDetail?nodeId=NODE10819108,daylighting;uncertainty-ml;hvac-control,daylighting,fab-ut-optimization-2022;light-hvac-optimization-2020,hvac-studio,
2023-domestic-journal-issues-in-quasi-steady-state-building-energy,"Issues in Quasi-Steady-State Building Energy Analysis Tools: Focusing on ECO2, the Korean Building Energy Efficiency Rating Certification Evaluation Program","Lee, S. J.; Jo, H. G.; Yoo, Y. S.; Park, C. H.; Park, C. S.",2023,"Journal of the Architectural Institute of Korea, Vol. 40, No. 1, pp. 169-176.",journal-article,domestic-journal,coauthor,false,,https://www.dbpia.co.kr/journal/articleDetail?nodeId=NODE11698671,green-retrofit;building-energy-simulation;performance-evaluation,green-retrofit,green-remodeling-carbon-database-2022;building-energy-rating-foundation-2021,co2-reduction-finder,
2024-international-conference-optimal-control-strategies-of-a-heat-recovery,Optimal Control Strategies of a Heat Recovery System for a Building,"Jo, H. G.; Kim, Y. S.; Kim, J. H.; Park, C. S.; Urabe, E.; Mun, J.; Shin, Y.; Park, Y.",2024,"Proceedings of SASBE 2024, November 7-9, 2024, Auckland, New Zealand.",conference-paper,international-conference,first,false,10.1007/978-981-96-4051-5,https://link.springer.com/book/10.1007/978-981-96-4051-5,hvac-control,hvac-control,fab-ut-optimization-2022,hvac-studio,
2022-international-conference-real-time-indoor-daylight-illuminance-simulat,Real-time indoor daylight illuminance simulation of an existing building using minimal data,"Jo, H. G.; Choi, S. H.; Park, C. S.",2022,"Proceedings of the 2022 Winter Simulation Conference, December 11-14, 2022, Singapore, Singapore.",conference-paper,international-conference,first,false,,,daylighting,daylighting,light-hvac-optimization-2020,,"Presentation _ Real-Time Indoor Daylight Illuminance Simulation of an Existing Building Using Minimal Data (Jo, H. G.)"
2021-international-conference-application-of-daylighting-gaussian-process-e,Application of daylighting Gaussian process emulator to lighting control of an existing building,"Jo, H. G.; Kim, Y. S.; Park, C. S.",2021,"Proceedings of the 2021 Winter Simulation Conference, December 13-17, 2021, Phoenix, Arizona, USA.",conference-paper,international-conference,first,false,,,daylighting;uncertainty-ml;hvac-control,daylighting,fab-ut-optimization-2022;light-hvac-optimization-2020,hvac-studio,"Presentation _ Application of Daylighting Gaussian Process Emulator to Lighting Control of an Existing Building (Jo, H. G.).pdf"
2020-international-conference-illuminance-prediction-using-a-hybrid-simulat,Illuminance prediction using a hybrid simulation model based on a single reference measurement,"Jo, H. G.; Park, C. S.",2020,"Proceedings of the 2020 Winter Simulation Conference, December 14-18, 2020, Orlando, USA. Virtual Conference.",conference-paper,international-conference,first,false,,,daylighting;building-energy-simulation,daylighting,light-hvac-optimization-2020,,"Presentation _ Illuminance Prediction Using a Hybrid Simulation Model Based on a Single Reference Measurement (Jo, H. G.)"
2026-international-conference-generalizable-chiller-model-via-domain-invari,Generalizable chiller model via domain-invariant representation learning: a real-life case study,"Kim, J. H.; Jo, H. G.; Mun, J.; Park, C. S.",2026,"Proceedings of the 2026 ASHRAE Winter Conference, January 31-February 4, 2026, Las Vegas, USA.",conference-paper,international-conference,coauthor,false,,,hvac-control;uncertainty-ml,hvac-control,fab-ut-optimization-2022,hvac-studio,
2025-international-conference-causality-driven-interpretable-surrogate-mode,"Causality-driven, interpretable surrogate modelling for DOAS preheating control","Mun, J. Y.; Jo, H. G.; Kim, J. H.; Park, C. S.; Urabe, E.; Mun, J. H.; Park, C. S.",2025,"Proceedings of the 14th International Symposium on Heating, Ventilating, and Air-Conditioning (ISHVAC), November 29-December 2, 2025, Tokyo, Japan.",conference-paper,international-conference,coauthor,false,,,hvac-control;uncertainty-ml,hvac-control,fab-ut-optimization-2022,hvac-studio,
2025-international-conference-causal-analysis-of-energy-retrofit-for-real-l,Causal analysis of energy retrofit for real-life cases using Average Treatment Effect,"Lee, S. J.; Park, C. H.; Jo, H. G.; Park, C. S.",2025,"Proceedings of the 14th International Symposium on Heating, Ventilating, and Air-Conditioning (ISHVAC), November 29-December 2, 2025, Tokyo, Japan.",conference-paper,international-conference,coauthor,false,,,green-retrofit;uncertainty-ml;performance-evaluation,green-retrofit,green-remodeling-performance-2025;green-remodeling-carbon-database-2022,,
2024-international-conference-enhancing-scalability-of-neural-networks-for,Enhancing Scalability of Neural Networks for MPC by Interconnecting Building Dynamics,"Mun, J. Y.; Jo, H. G.; Cho, S. K.; Park, C. S.",2024,"Proceedings of the 5th Asia Conference of International Building Performance Simulation Association 2024, December 8-10, 2024, Osaka, Japan.",conference-paper,international-conference,coauthor,false,,,uncertainty-ml;hvac-control;research-software,uncertainty-ml,fab-ut-optimization-2022,hvac-studio,
2024-international-conference-optimal-control-strategies-for-multiple-chill,Optimal Control Strategies for Multiple Chillers in a Building,"Kim, Y. S.; Kim, J. H.; Jo, H. G.; Park, C. S.; Urabe, E.; Mun, J.; Shin, Y.; Park, Y.",2024,"Proceedings of SASBE 2024, November 7-9, 2024, Auckland, New Zealand.",conference-paper,international-conference,coauthor,false,,,hvac-control,hvac-control,fab-ut-optimization-2022,hvac-studio,
2024-international-conference-model-predictive-control-for-a-large-scale-co,Model Predictive Control for a Large-Scale Cooling Tower System Using a Transfer Learning Model,"Kim, J. H.; Kim, Y. S.; Jo, H. G.; Park, C. S.; Urabe, E.; Mun, J.; Shin, Y.; Park, Y.",2024,"Proceedings of the 2024 ACEEE Summer Study on Energy Efficiency in Buildings, August 4-9, 2024, Pacific Grove, CA, USA.",conference-paper,international-conference,coauthor,false,,,hvac-control;uncertainty-ml,hvac-control,fab-ut-optimization-2022,hvac-studio,
2023-international-conference-optimization-technology-of-chilled-water-syst,Optimization technology of chilled water system simulator for an industrial plant FAB,"Urabe, E.; Park, Y. S.; Gwak, J. H.; Kim, Y. S.; Jo, H. G.; Kim, J. H.; Park, C. S.",2023,"Proceedings of the 18th IBPSA Conference, September 4-6, 2023, Shanghai, China, pp. 3122-3128.",conference-paper,international-conference,coauthor,false,,,hvac-control;research-software,hvac-control,fab-ut-optimization-2022,hvac-studio,available online
2023-international-conference-integrated-optimal-control-for-cooling-ahu-wi,Integrated optimal control for cooling AHU with two different chillers,"Kim, J. H.; Kim, Y. S.; Jo, H. G.; Park, C. S.; Urabe, E.; Park, Y. S.; Gwak, J. H.",2023,"Proceedings of the 18th IBPSA Conference, September 4-6, 2023, Shanghai, China, pp. 3427-3434.",conference-paper,international-conference,coauthor,false,,,hvac-control,hvac-control,fab-ut-optimization-2022,hvac-studio,available online
2023-international-conference-implementation-of-real-time-model-predictive,Implementation of real-time model predictive control (MPC) of energy recovery ventilators for school buildings,"Ra, S. J.; Jo, H. G.; Jeong, H.; Heo, T. W.; Park, C. S.",2023,"Proceedings of the 18th IBPSA Conference, September 4-6, 2023, Shanghai, China, pp. 3773-3780.",conference-paper,international-conference,coauthor,false,,,hvac-control;research-software,hvac-control,fab-ut-optimization-2022,hvac-studio,available online
2023-international-conference-local-vs-integrated-control-of-a-cooling-syst,Local vs. integrated control of a cooling system in a factory building,"Kim, Y. S.; Kim, J. H.; Jo, H. G.; Park, C. S.; Urabe, E.; Gwak, J. H.; Park, Y. S.",2023,"Proceedings of the 18th IBPSA Conference, September 4-6, 2023, Shanghai, China, pp. 1327-1334.",conference-paper,international-conference,coauthor,false,,,hvac-control,hvac-control,fab-ut-optimization-2022,hvac-studio,available online
2022-international-conference-optimal-control-of-mau-coils-in-an-existing-b,Optimal control of MAU coils in an existing building,"Kim, J. H.; Kim, Y. S.; Jo, H. G.; Urabe, E.; Gwak, J. H.; Park, Y. S.; Park, C. S.",2022,"Proceedings of the 2022 Winter Simulation Conference, December 11-14, 2022, Singapore, Singapore.",conference-paper,international-conference,coauthor,false,,,hvac-control,hvac-control,fab-ut-optimization-2022,hvac-studio,
2022-international-conference-real-time-implementation-of-model-predictive,Real-time implementation of model predictive control for cooling system of a factory building,"Ra, S. J.; Kim, J. H.; Jo, H. G.; Kim, Y. S.; Park, C. S.",2022,"Proceedings of the 2022 ASHRAE Annual Conference, June 25-29, 2022, Toronto, Canada.",conference-paper,international-conference,coauthor,false,,,hvac-control;research-software,hvac-control,fab-ut-optimization-2022,hvac-studio,
2025-domestic-conference-running-energyplus-using-spreadsheet-inputs-f,Running EnergyPlus Using Spreadsheet Inputs: Focus on Geometry Information,"Jo, H. G.; Park, C. H.; Lee, S. J.; Mun, H. J.; Park, C. S.",2025,"Proceedings of the Fall Conference of the Architectural Institute of Korea, Vol. 45, No. 2, pp. 574-575. October 29-31, 2025, Science and Technology Convention Center, Seoul.",conference-paper,domestic-conference,first,false,,,building-energy-simulation;research-software,building-energy-simulation,existing-building-simulator-2024,eplussimple;semantic-idf,Presentation _ Running EnergyPlus Using Spreadsheet Inputs: Focus on Geometry Information.pdf
2024-domestic-conference-running-energyplus-using-spreadsheet-inputs-f,Running EnergyPlus Using Spreadsheet Inputs: Focus on HVAC Systems,"Jo, H. G.; Lee, S. J.; Park, C. H.; Mun, H. J.; Park, C. S.",2024,"Proceedings of the Fall Conference of the Architectural Institute of Korea, Vol. 45, No. 2, pp. 576-577. October 29-31, 2025, Science and Technology Convention Center, Seoul.",conference-paper,domestic-conference,first,false,,,hvac-control;building-energy-simulation;research-software,hvac-control,existing-building-simulator-2024;fab-ut-optimization-2022,eplussimple;hvac-studio,Presentation _ Running EnergyPlus Using Spreadsheet Inputs: Focus on HVAC Systems.pdf
2024-domestic-conference-establishment-and-application-of-a-greenhouse,Establishment and Application of a Greenhouse Gas Reduction Factor Database for Policy Decision-Making in Green Remodeling Projects,"Jo, H. G.; Kwon, S. O.; Kim, U. H.; Yoo, Y. S.; Park, C. S.",2024,"Proceedings of the Fall Conference of the Architectural Institute of Korea, Vol. 44, No. 2, pp. 501-502. October 23-25, 2024, The-K Hotel Gyeongju, Gyeongju, Gyeongsangbuk-do.",conference-paper,domestic-conference,first,true,,https://www.dbpia.co.kr/journal/articleDetail?nodeId=NODE12002835,green-retrofit,green-retrofit,green-remodeling-carbon-database-2022,co2-reduction-finder,
2022-domestic-conference-calibration-method-for-a-daylight-simulation,Calibration Method for a Daylight Simulation Model Using Field Measurement Data,"Jo, H. G.; Choi, S. H.; Heo, S. Y.; Park, C. S.",2022,"Proceedings of the Fall Conference of the Korean Institute of Architectural Sustainable Environment and Building Systems, pp. 119-121. November 25, 2022, Yonsei University, Seoul.",conference-paper,domestic-conference,first,false,,,daylighting;building-energy-simulation,daylighting,light-hvac-optimization-2020,,"Presentation _ Calibration Method for a Daylight Simulation Model Using Field Measurement Data (Jo, H. G.)"
2022-domestic-conference-indoor-daylight-estimation-model-based-on-the,Indoor Daylight Estimation Model Based on the Daylight Coefficient Concept,"Jo, H. G.; Choi, S. H.; Park, C. S.",2022,"Proceedings of the Spring Conference of the Architectural Institute of Korea, Vol. 42, No. 1, pp. 399-400. April 28-29, 2022, The-K Hotel, Seoul.",conference-paper,domestic-conference,first,false,,https://www.dbpia.co.kr/journal/articleDetail?nodeId=NODE11071997,daylighting,daylighting,light-hvac-optimization-2020,,
2021-domestic-conference-real-time-electric-lighting-control-consideri,Real-Time Electric Lighting Control Considering the Uncertainty of a Daylight Model,"Jo, H. G.; Ra, S. J.; Kim, J. H.; Park, C. S.",2021,"Proceedings of the Fall Conference of the Architectural Institute of Korea, Vol. 41, No. 2, pp. 332-333. October 27-30, 2021, Yeosu Expo Convention Center, Yeosu, Jeollanam-do.",conference-paper,domestic-conference,first,true,,https://www.dbpia.co.kr/journal/articleDetail?nodeId=NODE11024946,daylighting;uncertainty-ml;hvac-control,daylighting,fab-ut-optimization-2022;light-hvac-optimization-2020,hvac-studio,
2020-domestic-conference-prediction-of-illuminance-ratios-between-indo,Prediction of Illuminance Ratios Between Indoor Points Using Gaussian Processes,"Jo, H. G.; Shin, H. S.; Kim, Y. S.; Park, C. S.",2020,"Proceedings of the Fall Conference of the Korean Institute of Architectural Sustainable Environment and Building Systems, pp. 153-154. November 19-21, 2020, Korea National University of Transportation, Chungju.",conference-paper,domestic-conference,first,true,,https://www.auric.or.kr/User/rdoc/DocRdoc.aspx?returnVal=RD_R&dn=400711#.YkFrsudBxpI,daylighting;uncertainty-ml,daylighting,light-hvac-optimization-2020,,
2026-domestic-conference-quantitative-analysis-of-green-remodeling-eff,Quantitative Analysis of Green Remodeling Effects Using Dynamic Building Energy Simulation,"Lee, S. J.; Jo, H. G.; Mun, H. J.; Kim, S. H.; Park, J. I.; Park, C. S.",2026,"Proceedings of the Spring Conference of the Architectural Institute of Korea, Vol. 46, No. 1, pp. 508-509. April 28-30, 2026, aT Center, Seoul.",conference-paper,domestic-conference,coauthor,false,,,green-retrofit;building-energy-simulation;performance-evaluation,green-retrofit,green-remodeling-performance-2025;green-remodeling-carbon-database-2022,,
2025-domestic-conference-building-energy-use-analysis-according-to-wea,Building Energy Use Analysis According to Weather Data Types and Operational Uncertainty,"Mun, H. J.; Lee, S. J.; Jo, H. G.; Park, C. S.",2025,"Proceedings of the Fall Conference of the Korean Institute of Architectural Sustainable Environment and Building Systems. November 14, 2025, Chungbuk National University, Cheongju.",conference-paper,domestic-conference,coauthor,false,,,building-energy-simulation;uncertainty-ml;performance-evaluation,building-energy-simulation,,,
2025-domestic-conference-frost-protection-control-of-an-outdoor-air-ha,Frost-Protection Control of an Outdoor Air Handling Unit Using Probabilistic Models,"Jeong, Y. J.; Jo, H. G.; Mun, J. Y.; Park, C. S.; Mun, J. H.; Park, Y. S.",2025,"Proceedings of the Fall Conference of the Korean Institute of Architectural Sustainable Environment and Building Systems. November 14, 2025, Chungbuk National University, Cheongju.",conference-paper,domestic-conference,coauthor,false,,,hvac-control;uncertainty-ml,hvac-control,fab-ut-optimization-2022,hvac-studio,
2025-domestic-conference-uncertainty-propagation-considering-the-causa,Uncertainty Propagation Considering the Causal Structure of a Heating Coil Model,"Jeong, Y. J.; Jo, H. G.; Mun, J. Y.; Park, C. S.; Mun, J. H.; Park, Y. S.",2025,"Proceedings of the Fall Conference of the Korean Institute of Architectural Sustainable Environment and Building Systems. November 14, 2025, Chungbuk National University, Cheongju.",conference-paper,domestic-conference,coauthor,false,,,hvac-control;uncertainty-ml,hvac-control,fab-ut-optimization-2022,,
2025-domestic-conference-causal-analysis-of-green-remodeling-effects-e,Causal Analysis of Green Remodeling Effects: Ex-Post Evaluation of Four Energy Conservation Measures in 210 Public Buildings,"Lee, S. J.; Park, C. H.; Jo, H. G.; Park, C. S.",2025,"Proceedings of the Fall Conference of the Korean Institute of Architectural Sustainable Environment and Building Systems. November 14, 2025, Chungbuk National University, Cheongju.",conference-paper,domestic-conference,coauthor,false,,,green-retrofit;uncertainty-ml;performance-evaluation,green-retrofit,green-remodeling-performance-2025;green-remodeling-carbon-database-2022,,
2025-domestic-conference-uncertainty-analysis-of-building-energy-use-b,Uncertainty Analysis of Building Energy Use by Green Remodeling Level,"Mun, H. J.; Lee, S. J.; Jo, H. G.; Park, C. H.; Park, C. S.",2025,"Proceedings of the Fall Conference of the Architectural Institute of Korea, Vol. 45, No. 2, pp. 524-525. October 29-31, 2025, Science and Technology Convention Center, Seoul.",conference-paper,domestic-conference,coauthor,false,,,green-retrofit;building-energy-simulation;uncertainty-ml,green-retrofit,green-remodeling-carbon-database-2022,,
2025-domestic-conference-implementation-of-dynamic-simulation-using-sp,Implementation of Dynamic Simulation Using Spreadsheets,"Lee, S. J.; Jo, H. G.; Park, C. H.; Mun, H. J.; Park, C. S.",2025,"Proceedings of the Fall Conference of the Architectural Institute of Korea, Vol. 45, No. 2, pp. 572-573. October 29-31, 2025, Science and Technology Convention Center, Seoul.",conference-paper,domestic-conference,coauthor,false,,,building-energy-simulation;research-software,building-energy-simulation,existing-building-simulator-2024,eplussimple,
2025-domestic-conference-enhancing-the-scalability-of-physics-informed,Enhancing the Scalability of Physics-Informed Neural Network Control Models Through Dynamic Interconnection,"Mun, J. Y.; Jo, H. G.; Kim, Y. S.; Kim, J. H.; Mun, J. H.; Park, C. S.",2025,"Proceedings of the Spring Conference of the Architectural Institute of Korea, Vol. 45, No. 1, pp. 339-340. April 23-25, 2025, Global Engineering Education Center Convention, Seoul.",conference-paper,domestic-conference,coauthor,false,,,uncertainty-ml;hvac-control;research-software,uncertainty-ml,fab-ut-optimization-2022,hvac-studio,
2025-domestic-conference-development-of-a-federated-chiller-model-usin,Development of a Federated Chiller Model Using Domain-Invariant Representation Learning,"Kim, J. H.; Kim, Y. S.; Jo, H. G.; Mun, J. Y.; Mun, J. H.; Park, C. S.",2025,"Proceedings of the Spring Conference of the Architectural Institute of Korea, Vol. 45, No. 1, pp. 358-359. April 23-25, 2025, Global Engineering Education Center Convention, Seoul.",conference-paper,domestic-conference,coauthor,true,,,hvac-control;uncertainty-ml,hvac-control,fab-ut-optimization-2022,hvac-studio,
2024-domestic-conference-chiller-fault-detection-method-based-on-a-hyb,Chiller Fault Detection Method Based on a Hybrid Model,"Kim, Y. S.; Kim, J. H.; Jo, H. G.; Mun, J. Y.; Park, C. S.; Mun, J. H.; Park, Y. S.",2024,"Proceedings of the Fall Conference of the Korean Institute of Architectural Sustainable Environment and Building Systems, pp. 152-153. November 14-16, 2024, Jeju National University, Jeju.",conference-paper,domestic-conference,coauthor,false,,,hvac-control;uncertainty-ml,hvac-control,fab-ut-optimization-2022,hvac-studio,
2024-domestic-conference-optimization-of-green-remodeling-component-te,Optimization of Green Remodeling Component Technologies Using Techno-Economic Evaluation,"Kwon, S. O.; Jo, H. G.; Lee, S. J.; Park, S. H.; Park, C. S.",2024,"Proceedings of the Fall Conference of the Korean Institute of Architectural Sustainable Environment and Building Systems, pp. 140-141. November 14-16, 2024, Jeju National University, Jeju.",conference-paper,domestic-conference,coauthor,false,,,green-retrofit;hvac-control;performance-evaluation,green-retrofit,green-remodeling-carbon-database-2022;fab-ut-optimization-2022,,
2024-domestic-conference-optimal-control-of-an-outdoor-air-handling-un,Optimal Control of an Outdoor Air Handling Unit System for Freeze Prevention in Winter,"Mun, J. Y.; Jo, H. G.; Kim, Y. S.; Kim, J. H.; Park, C. S.; Mun, J. H.; Park, Y. S.",2024,"Proceedings of the Fall Conference of the Korean Institute of Architectural Sustainable Environment and Building Systems, pp. 176-177. November 14-16, 2024, Jeju National University, Jeju.",conference-paper,domestic-conference,coauthor,true,,,hvac-control,hvac-control,fab-ut-optimization-2022,hvac-studio,
2024-domestic-conference-impact-analysis-of-geometry-input-simplificat,Impact Analysis of Geometry Input Simplification for Office Buildings in Seoul Using GIS,"Park, C. H.; Lee, S. J.; Jo, H. G.; Park, C. S.",2024,"Proceedings of the Fall Conference of the Korean Institute of Architectural Sustainable Environment and Building Systems, pp. 104-105. November 14-16, 2024, Jeju National University, Jeju.",conference-paper,domestic-conference,coauthor,false,,,building-energy-simulation;performance-evaluation,building-energy-simulation,existing-building-simulator-2024,eplussimple;semantic-idf,
2024-domestic-conference-comparison-of-simplified-and-detailed-geometr,Comparison of Simplified and Detailed Geometry Building Energy Models: Analysis of Energy Load Differences Depending on Shading Effect Representation,"Lee, S. J.; Park, C. H.; Jo, H. G.; Yoo, Y. S.; Kim, S. H.; Park, C. S.",2024,"Proceedings of the Fall Conference of the Architectural Institute of Korea, Vol. 44, No. 2, pp. 636-637. October 23-25, 2024, The-K Hotel Gyeongju, Gyeongju, Gyeongsangbuk-do.",conference-paper,domestic-conference,coauthor,false,,,building-energy-simulation;performance-evaluation,building-energy-simulation,existing-building-simulator-2024,eplussimple;semantic-idf,
2024-domestic-conference-comparison-of-geometry-input-simplification-m,Comparison of Geometry Input Simplification Methods for Dynamic Building Energy Models,"Park, C. H.; Lee, S. J.; Jo, H. G.; Yoo, Y. S.; Kim, S. H.; Park, C. S.",2024,"Proceedings of the Fall Conference of the Architectural Institute of Korea, Vol. 44, No. 2, pp. 634-635. October 23-25, 2024, The-K Hotel Gyeongju, Gyeongju, Gyeongsangbuk-do.",conference-paper,domestic-conference,coauthor,false,,,building-energy-simulation;performance-evaluation,building-energy-simulation,existing-building-simulator-2024,eplussimple;semantic-idf,
2024-domestic-conference-enhancing-the-scalability-of-physics-informed,Enhancing the Scalability of Physics-Informed Neural Network Control Models Through Dynamic Interconnection,"Mun, J. Y.; Jo, H. G.; Park, C. S.",2024,"Proceedings of the Fall Conference of the Architectural Institute of Korea, Vol. 44, No. 2, pp. 513-514. October 23-25, 2024, The-K Hotel Gyeongju, Gyeongju, Gyeongsangbuk-do.",conference-paper,domestic-conference,coauthor,false,,,uncertainty-ml;hvac-control;research-software,uncertainty-ml,fab-ut-optimization-2022,hvac-studio,
2024-domestic-conference-optimization-of-heating-coil-control-in-an-ou,Optimization of Heating Coil Control in an Outdoor Air Handling Unit System,"Mun, J. Y.; Jo, H. G.; Kim, Y. S.; Kim, J. H.; Park, C. S.; Mun, J. H.; Park, Y. S.",2024,"Proceedings of the Fall Conference of the Architectural Institute of Korea, Vol. 44, No. 2, pp. 482-483. October 23-25, 2024, The-K Hotel Gyeongju, Gyeongju, Gyeongsangbuk-do.",conference-paper,domestic-conference,coauthor,false,,,hvac-control,hvac-control,fab-ut-optimization-2022,hvac-studio,
2024-domestic-conference-uncertainty-analysis-of-building-energy-reduc,Uncertainty Analysis of Building Energy Reduction for Green Remodeling,"Kwon, S. O.; Jo, H. G.; Yoo, Y. S.; Kim, U. H.; Park, C. S.",2024,"Proceedings of the Fall Conference of the Architectural Institute of Korea, Vol. 44, No. 2, pp. 493-494. October 23-25, 2024, The-K Hotel Gyeongju, Gyeongju, Gyeongsangbuk-do.",conference-paper,domestic-conference,coauthor,false,,,green-retrofit;building-energy-simulation;uncertainty-ml,green-retrofit,green-remodeling-carbon-database-2022,co2-reduction-finder,
2024-domestic-conference-hybrid-modeling-of-cooling-towers-using-trans,Hybrid Modeling of Cooling Towers Using Transfer Learning,"Kim, J. H.; Kim, Y. S.; Jo, H. G.; Park, C. S.; Urabe, E.; Mun, J. H.; Gwak, J. H.; Shin, Y. K.; Park, Y. S.",2024,"Proceedings of the Spring Joint Conference of the Korean Operations Research and Management Science Society, Korean Institute of Industrial Engineers, and Korea Society for Simulation, pp. xx-xx. May 2-4, 2024, Yeosu Expo Convention Center, Yeosu.",conference-paper,domestic-conference,coauthor,false,,,hvac-control;uncertainty-ml,hvac-control,fab-ut-optimization-2022,,
2022-domestic-conference-real-time-model-predictive-control-of-energy,Real-Time Model Predictive Control of Energy Recovery Ventilation Systems in Sports Facilities Based on Occupancy Prediction Information,"Ra, S. J.; Jo, H. G.; Jeong, H.; Heo, T. W.; Park, C. S.",2022,"Proceedings of the Fall Conference of the Korean Institute of Architectural Sustainable Environment and Building Systems, pp. 149-150. November 25, 2022, Yonsei University, Seoul.",conference-paper,domestic-conference,coauthor,false,,,hvac-control,hvac-control,fab-ut-optimization-2022,hvac-studio,
2022-domestic-conference-method-for-deriving-the-net-coefficient-of-pe,Method for Deriving the Net Coefficient of Performance (net-COP) of Chillers Considering Building Operational Characteristics,"Kim, Y. S.; Kim, J. H.; Jo, H. G.; Park, C. S.",2022,"Proceedings of the Spring Conference of the Architectural Institute of Korea, Vol. 42, No. 2, pp. 387-388. October 26-28, 2022, Phoenix Jeju Seopjikoji, Jeju.",conference-paper,domestic-conference,coauthor,true,,,hvac-control;performance-evaluation,hvac-control,fab-ut-optimization-2022,hvac-studio,
2022-domestic-conference-cooling-optimal-control-of-an-outdoor-air-con,Cooling Optimal Control of an Outdoor Air Conditioning (OAC) System Combining the Dynamic Characteristics of Multiple Heat Source Equipment,"Kim, J. H.; Kim, Y. S.; Jo, H. G.; Urabe, E.; Gwak, J. H.; Park, Y. S.; Park, C. S.",2022,"Proceedings of the Spring Conference of the Architectural Institute of Korea, Vol. 42, No. 2, pp. 352-353. October 26-28, 2022, Phoenix Jeju Seopjikoji, Jeju.",conference-paper,domestic-conference,coauthor,false,,,hvac-control,hvac-control,fab-ut-optimization-2022,hvac-studio,
2022-domestic-conference-uncertainty-analysis-of-daylight-illuminance,Uncertainty Analysis of Daylight Illuminance Simulation Using Typical and Actual Weather Data,"Choi, S. H.; Jo, H. G.; Yoo, Y. S.; Park, C. S.",2022,"Proceedings of the Spring Conference of the Architectural Institute of Korea, Vol. 42, No. 1, pp. 394-395. April 28-29, 2022, The-K Hotel, Seoul.",conference-paper,domestic-conference,coauthor,false,,,daylighting;building-energy-simulation;uncertainty-ml,daylighting,light-hvac-optimization-2020,,
2021-domestic-conference-real-time-cooling-predictive-control-of-a-bui,Real-Time Cooling Predictive Control of a Building Using a Lumped Simulation Model,"Ra, S. J.; Kim, J. H.; Kim, Y. S.; Jo, H. G.; Shin, H. S.; Park, C. S.",2021,"Proceedings of the Fall Conference of the Architectural Institute of Korea, Vol. 41, No. 2, pp. 323-324. October 27-30, 2021, Yeosu Expo Convention Center, Yeosu, Jeollanam-do.",conference-paper,domestic-conference,coauthor,false,,,hvac-control;building-energy-simulation,hvac-control,fab-ut-optimization-2022,hvac-studio,
2021-domestic-conference-real-time-heating-control-of-a-factory-buildi,Real-Time Heating Control of a Factory Building Based on Indoor Temperature Prediction,"Ra, S. J.; Shin, H. S.; Kim, Y. S.; Jo, H. G.; Kim, J. H.; Park, C. S.",2021,"Proceedings of the Spring Conference of the Architectural Institute of Korea, Vol. 41, No. 1, pp. 309-310. April 21-23, 2021, International Convention Center Jeju, Seogwipo, Jeju-do.",conference-paper,domestic-conference,coauthor,true,,,hvac-control,hvac-control,fab-ut-optimization-2022,hvac-studio,
2021-domestic-conference-artificial-neural-network-based-forecasting-m,Artificial Neural Network-Based Forecasting Model for Global Horizontal Irradiance,"Kim, J. H.; Jo, H. G.; Kim, Y. S.; Shin, H. S.; Park, C. S.",2021,"Proceedings of the Spring Conference of the Architectural Institute of Korea, Vol. 41, No. 1, pp. 288-289. April 21-23, 2021, International Convention Center Jeju, Seogwipo, Jeju-do.",conference-paper,domestic-conference,coauthor,false,,,daylighting;uncertainty-ml,daylighting,light-hvac-optimization-2020,,
2020-domestic-conference-development-of-a-gis-based-energyplus-parser,Development of a GIS-Based EnergyPlus Parser,"Lee, D. H.; Ko, Y. D.; Yoo, Y. S.; Jo, H. G.; Kim, D. W.; Park, C. S.",2020,"Proceedings of the Fall Conference of the Korean Institute of Architectural Sustainable Environment and Building Systems, pp. 81-82. November 19-21, 2020, Korea National University of Transportation, Chungju.",conference-paper,domestic-conference,coauthor,true,,,building-energy-simulation;research-software,building-energy-simulation,existing-building-simulator-2024,eplussimple;semantic-idf,
2020-domestic-conference-evaluation-of-monthly-energy-use-repeatabilit,"Evaluation of Monthly Energy Use Repeatability in 10,750 Buildings","Ko, Y. D.; Lee, D. H.; Yoo, Y. S.; Jo, H. G.; Kim, D. W.; Park, C. S.",2020,"Proceedings of the Fall Conference of the Korean Institute of Architectural Sustainable Environment and Building Systems, pp. 145-146. November 19-21, 2020, Korea National University of Transportation, Chungju.",conference-paper,domestic-conference,coauthor,false,,,performance-evaluation,performance-evaluation,,,
2020-domestic-conference-building-energy-pattern-classification-based,Building Energy Pattern Classification Based on Robust Regression and Time-Series Clustering,"Lee, D. H.; Yoo, Y. S.; Ko, Y. D.; Jo, H. G.; Park, C. S.",2020,"Proceedings of the Fall Conference of the Architectural Institute of Korea, Vol. 40, No. 2, pp. 392-393. October 26-30, 2020, Yeosu Expo Convention Center, Yeosu. Online presentation.",conference-paper,domestic-conference,coauthor,false,,,building-energy-simulation,building-energy-simulation,,,
2020-domestic-conference-lighting-control-using-ddpg-reinforcement-lea,Lighting Control Using DDPG Reinforcement Learning,"Kim, Y. S.; Jo, H. G.; Shin, H. S.; Park, C. S.",2020,"Proceedings of the Fall Conference of the Architectural Institute of Korea, Vol. 40, No. 2, pp. 382-383. October 26-30, 2020, Yeosu Expo Convention Center, Yeosu. Online presentation.",conference-paper,domestic-conference,coauthor,false,,,daylighting;uncertainty-ml;hvac-control,daylighting,fab-ut-optimization-2022;light-hvac-optimization-2020,hvac-studio,
2020-domestic-conference-data-driven-back-estimation-method-for-buildi,Data-Driven Back-Estimation Method for Building Energy Input Variables,"Ko, Y. D.; Lee, D. H.; Yoo, Y. S.; Jo, H. G.; Park, C. S.",2020,"Proceedings of the Fall Conference of the Architectural Institute of Korea, Vol. 40, No. 2, pp. 384-385. October 26-30, 2020, Yeosu Expo Convention Center, Yeosu. Online presentation.",conference-paper,domestic-conference,coauthor,false,,,building-energy-simulation;uncertainty-ml,building-energy-simulation,,,
